timestamp,location,pred
6/30/23 1:00,26001,
6/30/23 2:00,26001,
6/30/23 3:00,26001,
6/30/23 4:00,26001,
6/30/23 5:00,26001,
6/30/23 6:00,26001,
6/30/23 7:00,26001,
6/30/23 8:00,26001,
6/30/23 9:00,26001,
6/30/23 10:00,26001,
6/30/23 11:00,26001,
6/30/23 12:00,26001,
6/30/23 13:00,26001,
6/30/23 14:00,26001,
6/30/23 15:00,26001,
6/30/23 16:00,26001,
6/30/23 17:00,26001,
6/30/23 18:00,26001,
6/30/23 19:00,26001,
6/30/23 20:00,26001,
6/30/23 21:00,26001,
6/30/23 22:00,26001,
6/30/23 23:00,26001,
7/1/23 0:00,26001,
6/30/23 1:00,26003,
6/30/23 2:00,26003,
6/30/23 3:00,26003,
6/30/23 4:00,26003,
6/30/23 5:00,26003,
6/30/23 6:00,26003,
6/30/23 7:00,26003,
6/30/23 8:00,26003,
6/30/23 9:00,26003,
6/30/23 10:00,26003,
6/30/23 11:00,26003,
6/30/23 12:00,26003,
6/30/23 13:00,26003,
6/30/23 14:00,26003,
6/30/23 15:00,26003,
6/30/23 16:00,26003,
6/30/23 17:00,26003,
6/30/23 18:00,26003,
6/30/23 19:00,26003,
6/30/23 20:00,26003,
6/30/23 21:00,26003,
6/30/23 22:00,26003,
6/30/23 23:00,26003,
7/1/23 0:00,26003,
6/30/23 1:00,26005,
6/30/23 2:00,26005,
6/30/23 3:00,26005,
6/30/23 4:00,26005,
6/30/23 5:00,26005,
6/30/23 6:00,26005,
6/30/23 7:00,26005,
6/30/23 8:00,26005,
6/30/23 9:00,26005,
6/30/23 10:00,26005,
6/30/23 11:00,26005,
6/30/23 12:00,26005,
6/30/23 13:00,26005,
6/30/23 14:00,26005,
6/30/23 15:00,26005,
6/30/23 16:00,26005,
6/30/23 17:00,26005,
6/30/23 18:00,26005,
6/30/23 19:00,26005,
6/30/23 20:00,26005,
6/30/23 21:00,26005,
6/30/23 22:00,26005,
6/30/23 23:00,26005,
7/1/23 0:00,26005,
6/30/23 1:00,26007,
6/30/23 2:00,26007,
6/30/23 3:00,26007,
6/30/23 4:00,26007,
6/30/23 5:00,26007,
6/30/23 6:00,26007,
6/30/23 7:00,26007,
6/30/23 8:00,26007,
6/30/23 9:00,26007,
6/30/23 10:00,26007,
6/30/23 11:00,26007,
6/30/23 12:00,26007,
6/30/23 13:00,26007,
6/30/23 14:00,26007,
6/30/23 15:00,26007,
6/30/23 16:00,26007,
6/30/23 17:00,26007,
6/30/23 18:00,26007,
6/30/23 19:00,26007,
6/30/23 20:00,26007,
6/30/23 21:00,26007,
6/30/23 22:00,26007,
6/30/23 23:00,26007,
7/1/23 0:00,26007,
6/30/23 1:00,26009,
6/30/23 2:00,26009,
6/30/23 3:00,26009,
6/30/23 4:00,26009,
6/30/23 5:00,26009,
6/30/23 6:00,26009,
6/30/23 7:00,26009,
6/30/23 8:00,26009,
6/30/23 9:00,26009,
6/30/23 10:00,26009,
6/30/23 11:00,26009,
6/30/23 12:00,26009,
6/30/23 13:00,26009,
6/30/23 14:00,26009,
6/30/23 15:00,26009,
6/30/23 16:00,26009,
6/30/23 17:00,26009,
6/30/23 18:00,26009,
6/30/23 19:00,26009,
6/30/23 20:00,26009,
6/30/23 21:00,26009,
6/30/23 22:00,26009,
6/30/23 23:00,26009,
7/1/23 0:00,26009,
6/30/23 1:00,26011,
6/30/23 2:00,26011,
6/30/23 3:00,26011,
6/30/23 4:00,26011,
6/30/23 5:00,26011,
6/30/23 6:00,26011,
6/30/23 7:00,26011,
6/30/23 8:00,26011,
6/30/23 9:00,26011,
6/30/23 10:00,26011,
6/30/23 11:00,26011,
6/30/23 12:00,26011,
6/30/23 13:00,26011,
6/30/23 14:00,26011,
6/30/23 15:00,26011,
6/30/23 16:00,26011,
6/30/23 17:00,26011,
6/30/23 18:00,26011,
6/30/23 19:00,26011,
6/30/23 20:00,26011,
6/30/23 21:00,26011,
6/30/23 22:00,26011,
6/30/23 23:00,26011,
7/1/23 0:00,26011,
6/30/23 1:00,26013,
6/30/23 2:00,26013,
6/30/23 3:00,26013,
6/30/23 4:00,26013,
6/30/23 5:00,26013,
6/30/23 6:00,26013,
6/30/23 7:00,26013,
6/30/23 8:00,26013,
6/30/23 9:00,26013,
6/30/23 10:00,26013,
6/30/23 11:00,26013,
6/30/23 12:00,26013,
6/30/23 13:00,26013,
6/30/23 14:00,26013,
6/30/23 15:00,26013,
6/30/23 16:00,26013,
6/30/23 17:00,26013,
6/30/23 18:00,26013,
6/30/23 19:00,26013,
6/30/23 20:00,26013,
6/30/23 21:00,26013,
6/30/23 22:00,26013,
6/30/23 23:00,26013,
7/1/23 0:00,26013,
6/30/23 1:00,26015,
6/30/23 2:00,26015,
6/30/23 3:00,26015,
6/30/23 4:00,26015,
6/30/23 5:00,26015,
6/30/23 6:00,26015,
6/30/23 7:00,26015,
6/30/23 8:00,26015,
6/30/23 9:00,26015,
6/30/23 10:00,26015,
6/30/23 11:00,26015,
6/30/23 12:00,26015,
6/30/23 13:00,26015,
6/30/23 14:00,26015,
6/30/23 15:00,26015,
6/30/23 16:00,26015,
6/30/23 17:00,26015,
6/30/23 18:00,26015,
6/30/23 19:00,26015,
6/30/23 20:00,26015,
6/30/23 21:00,26015,
6/30/23 22:00,26015,
6/30/23 23:00,26015,
7/1/23 0:00,26015,
6/30/23 1:00,26017,
6/30/23 2:00,26017,
6/30/23 3:00,26017,
6/30/23 4:00,26017,
6/30/23 5:00,26017,
6/30/23 6:00,26017,
6/30/23 7:00,26017,
6/30/23 8:00,26017,
6/30/23 9:00,26017,
6/30/23 10:00,26017,
6/30/23 11:00,26017,
6/30/23 12:00,26017,
6/30/23 13:00,26017,
6/30/23 14:00,26017,
6/30/23 15:00,26017,
6/30/23 16:00,26017,
6/30/23 17:00,26017,
6/30/23 18:00,26017,
6/30/23 19:00,26017,
6/30/23 20:00,26017,
6/30/23 21:00,26017,
6/30/23 22:00,26017,
6/30/23 23:00,26017,
7/1/23 0:00,26017,
6/30/23 1:00,26019,
6/30/23 2:00,26019,
6/30/23 3:00,26019,
6/30/23 4:00,26019,
6/30/23 5:00,26019,
6/30/23 6:00,26019,
6/30/23 7:00,26019,
6/30/23 8:00,26019,
6/30/23 9:00,26019,
6/30/23 10:00,26019,
6/30/23 11:00,26019,
6/30/23 12:00,26019,
6/30/23 13:00,26019,
6/30/23 14:00,26019,
6/30/23 15:00,26019,
6/30/23 16:00,26019,
6/30/23 17:00,26019,
6/30/23 18:00,26019,
6/30/23 19:00,26019,
6/30/23 20:00,26019,
6/30/23 21:00,26019,
6/30/23 22:00,26019,
6/30/23 23:00,26019,
7/1/23 0:00,26019,
6/30/23 1:00,26021,
6/30/23 2:00,26021,
6/30/23 3:00,26021,
6/30/23 4:00,26021,
6/30/23 5:00,26021,
6/30/23 6:00,26021,
6/30/23 7:00,26021,
6/30/23 8:00,26021,
6/30/23 9:00,26021,
6/30/23 10:00,26021,
6/30/23 11:00,26021,
6/30/23 12:00,26021,
6/30/23 13:00,26021,
6/30/23 14:00,26021,
6/30/23 15:00,26021,
6/30/23 16:00,26021,
6/30/23 17:00,26021,
6/30/23 18:00,26021,
6/30/23 19:00,26021,
6/30/23 20:00,26021,
6/30/23 21:00,26021,
6/30/23 22:00,26021,
6/30/23 23:00,26021,
7/1/23 0:00,26021,
6/30/23 1:00,26023,
6/30/23 2:00,26023,
6/30/23 3:00,26023,
6/30/23 4:00,26023,
6/30/23 5:00,26023,
6/30/23 6:00,26023,
6/30/23 7:00,26023,
6/30/23 8:00,26023,
6/30/23 9:00,26023,
6/30/23 10:00,26023,
6/30/23 11:00,26023,
6/30/23 12:00,26023,
6/30/23 13:00,26023,
6/30/23 14:00,26023,
6/30/23 15:00,26023,
6/30/23 16:00,26023,
6/30/23 17:00,26023,
6/30/23 18:00,26023,
6/30/23 19:00,26023,
6/30/23 20:00,26023,
6/30/23 21:00,26023,
6/30/23 22:00,26023,
6/30/23 23:00,26023,
7/1/23 0:00,26023,
6/30/23 1:00,26025,
6/30/23 2:00,26025,
6/30/23 3:00,26025,
6/30/23 4:00,26025,
6/30/23 5:00,26025,
6/30/23 6:00,26025,
6/30/23 7:00,26025,
6/30/23 8:00,26025,
6/30/23 9:00,26025,
6/30/23 10:00,26025,
6/30/23 11:00,26025,
6/30/23 12:00,26025,
6/30/23 13:00,26025,
6/30/23 14:00,26025,
6/30/23 15:00,26025,
6/30/23 16:00,26025,
6/30/23 17:00,26025,
6/30/23 18:00,26025,
6/30/23 19:00,26025,
6/30/23 20:00,26025,
6/30/23 21:00,26025,
6/30/23 22:00,26025,
6/30/23 23:00,26025,
7/1/23 0:00,26025,
6/30/23 1:00,26027,
6/30/23 2:00,26027,
6/30/23 3:00,26027,
6/30/23 4:00,26027,
6/30/23 5:00,26027,
6/30/23 6:00,26027,
6/30/23 7:00,26027,
6/30/23 8:00,26027,
6/30/23 9:00,26027,
6/30/23 10:00,26027,
6/30/23 11:00,26027,
6/30/23 12:00,26027,
6/30/23 13:00,26027,
6/30/23 14:00,26027,
6/30/23 15:00,26027,
6/30/23 16:00,26027,
6/30/23 17:00,26027,
6/30/23 18:00,26027,
6/30/23 19:00,26027,
6/30/23 20:00,26027,
6/30/23 21:00,26027,
6/30/23 22:00,26027,
6/30/23 23:00,26027,
7/1/23 0:00,26027,
6/30/23 1:00,26029,
6/30/23 2:00,26029,
6/30/23 3:00,26029,
6/30/23 4:00,26029,
6/30/23 5:00,26029,
6/30/23 6:00,26029,
6/30/23 7:00,26029,
6/30/23 8:00,26029,
6/30/23 9:00,26029,
6/30/23 10:00,26029,
6/30/23 11:00,26029,
6/30/23 12:00,26029,
6/30/23 13:00,26029,
6/30/23 14:00,26029,
6/30/23 15:00,26029,
6/30/23 16:00,26029,
6/30/23 17:00,26029,
6/30/23 18:00,26029,
6/30/23 19:00,26029,
6/30/23 20:00,26029,
6/30/23 21:00,26029,
6/30/23 22:00,26029,
6/30/23 23:00,26029,
7/1/23 0:00,26029,
6/30/23 1:00,26031,
6/30/23 2:00,26031,
6/30/23 3:00,26031,
6/30/23 4:00,26031,
6/30/23 5:00,26031,
6/30/23 6:00,26031,
6/30/23 7:00,26031,
6/30/23 8:00,26031,
6/30/23 9:00,26031,
6/30/23 10:00,26031,
6/30/23 11:00,26031,
6/30/23 12:00,26031,
6/30/23 13:00,26031,
6/30/23 14:00,26031,
6/30/23 15:00,26031,
6/30/23 16:00,26031,
6/30/23 17:00,26031,
6/30/23 18:00,26031,
6/30/23 19:00,26031,
6/30/23 20:00,26031,
6/30/23 21:00,26031,
6/30/23 22:00,26031,
6/30/23 23:00,26031,
7/1/23 0:00,26031,
6/30/23 1:00,26033,
6/30/23 2:00,26033,
6/30/23 3:00,26033,
6/30/23 4:00,26033,
6/30/23 5:00,26033,
6/30/23 6:00,26033,
6/30/23 7:00,26033,
6/30/23 8:00,26033,
6/30/23 9:00,26033,
6/30/23 10:00,26033,
6/30/23 11:00,26033,
6/30/23 12:00,26033,
6/30/23 13:00,26033,
6/30/23 14:00,26033,
6/30/23 15:00,26033,
6/30/23 16:00,26033,
6/30/23 17:00,26033,
6/30/23 18:00,26033,
6/30/23 19:00,26033,
6/30/23 20:00,26033,
6/30/23 21:00,26033,
6/30/23 22:00,26033,
6/30/23 23:00,26033,
7/1/23 0:00,26033,
6/30/23 1:00,26035,
6/30/23 2:00,26035,
6/30/23 3:00,26035,
6/30/23 4:00,26035,
6/30/23 5:00,26035,
6/30/23 6:00,26035,
6/30/23 7:00,26035,
6/30/23 8:00,26035,
6/30/23 9:00,26035,
6/30/23 10:00,26035,
6/30/23 11:00,26035,
6/30/23 12:00,26035,
6/30/23 13:00,26035,
6/30/23 14:00,26035,
6/30/23 15:00,26035,
6/30/23 16:00,26035,
6/30/23 17:00,26035,
6/30/23 18:00,26035,
6/30/23 19:00,26035,
6/30/23 20:00,26035,
6/30/23 21:00,26035,
6/30/23 22:00,26035,
6/30/23 23:00,26035,
7/1/23 0:00,26035,
6/30/23 1:00,26037,
6/30/23 2:00,26037,
6/30/23 3:00,26037,
6/30/23 4:00,26037,
6/30/23 5:00,26037,
6/30/23 6:00,26037,
6/30/23 7:00,26037,
6/30/23 8:00,26037,
6/30/23 9:00,26037,
6/30/23 10:00,26037,
6/30/23 11:00,26037,
6/30/23 12:00,26037,
6/30/23 13:00,26037,
6/30/23 14:00,26037,
6/30/23 15:00,26037,
6/30/23 16:00,26037,
6/30/23 17:00,26037,
6/30/23 18:00,26037,
6/30/23 19:00,26037,
6/30/23 20:00,26037,
6/30/23 21:00,26037,
6/30/23 22:00,26037,
6/30/23 23:00,26037,
7/1/23 0:00,26037,
6/30/23 1:00,26039,
6/30/23 2:00,26039,
6/30/23 3:00,26039,
6/30/23 4:00,26039,
6/30/23 5:00,26039,
6/30/23 6:00,26039,
6/30/23 7:00,26039,
6/30/23 8:00,26039,
6/30/23 9:00,26039,
6/30/23 10:00,26039,
6/30/23 11:00,26039,
6/30/23 12:00,26039,
6/30/23 13:00,26039,
6/30/23 14:00,26039,
6/30/23 15:00,26039,
6/30/23 16:00,26039,
6/30/23 17:00,26039,
6/30/23 18:00,26039,
6/30/23 19:00,26039,
6/30/23 20:00,26039,
6/30/23 21:00,26039,
6/30/23 22:00,26039,
6/30/23 23:00,26039,
7/1/23 0:00,26039,
6/30/23 1:00,26041,
6/30/23 2:00,26041,
6/30/23 3:00,26041,
6/30/23 4:00,26041,
6/30/23 5:00,26041,
6/30/23 6:00,26041,
6/30/23 7:00,26041,
6/30/23 8:00,26041,
6/30/23 9:00,26041,
6/30/23 10:00,26041,
6/30/23 11:00,26041,
6/30/23 12:00,26041,
6/30/23 13:00,26041,
6/30/23 14:00,26041,
6/30/23 15:00,26041,
6/30/23 16:00,26041,
6/30/23 17:00,26041,
6/30/23 18:00,26041,
6/30/23 19:00,26041,
6/30/23 20:00,26041,
6/30/23 21:00,26041,
6/30/23 22:00,26041,
6/30/23 23:00,26041,
7/1/23 0:00,26041,
6/30/23 1:00,26043,
6/30/23 2:00,26043,
6/30/23 3:00,26043,
6/30/23 4:00,26043,
6/30/23 5:00,26043,
6/30/23 6:00,26043,
6/30/23 7:00,26043,
6/30/23 8:00,26043,
6/30/23 9:00,26043,
6/30/23 10:00,26043,
6/30/23 11:00,26043,
6/30/23 12:00,26043,
6/30/23 13:00,26043,
6/30/23 14:00,26043,
6/30/23 15:00,26043,
6/30/23 16:00,26043,
6/30/23 17:00,26043,
6/30/23 18:00,26043,
6/30/23 19:00,26043,
6/30/23 20:00,26043,
6/30/23 21:00,26043,
6/30/23 22:00,26043,
6/30/23 23:00,26043,
7/1/23 0:00,26043,
6/30/23 1:00,26045,
6/30/23 2:00,26045,
6/30/23 3:00,26045,
6/30/23 4:00,26045,
6/30/23 5:00,26045,
6/30/23 6:00,26045,
6/30/23 7:00,26045,
6/30/23 8:00,26045,
6/30/23 9:00,26045,
6/30/23 10:00,26045,
6/30/23 11:00,26045,
6/30/23 12:00,26045,
6/30/23 13:00,26045,
6/30/23 14:00,26045,
6/30/23 15:00,26045,
6/30/23 16:00,26045,
6/30/23 17:00,26045,
6/30/23 18:00,26045,
6/30/23 19:00,26045,
6/30/23 20:00,26045,
6/30/23 21:00,26045,
6/30/23 22:00,26045,
6/30/23 23:00,26045,
7/1/23 0:00,26045,
6/30/23 1:00,26047,
6/30/23 2:00,26047,
6/30/23 3:00,26047,
6/30/23 4:00,26047,
6/30/23 5:00,26047,
6/30/23 6:00,26047,
6/30/23 7:00,26047,
6/30/23 8:00,26047,
6/30/23 9:00,26047,
6/30/23 10:00,26047,
6/30/23 11:00,26047,
6/30/23 12:00,26047,
6/30/23 13:00,26047,
6/30/23 14:00,26047,
6/30/23 15:00,26047,
6/30/23 16:00,26047,
6/30/23 17:00,26047,
6/30/23 18:00,26047,
6/30/23 19:00,26047,
6/30/23 20:00,26047,
6/30/23 21:00,26047,
6/30/23 22:00,26047,
6/30/23 23:00,26047,
7/1/23 0:00,26047,
6/30/23 1:00,26049,
6/30/23 2:00,26049,
6/30/23 3:00,26049,
6/30/23 4:00,26049,
6/30/23 5:00,26049,
6/30/23 6:00,26049,
6/30/23 7:00,26049,
6/30/23 8:00,26049,
6/30/23 9:00,26049,
6/30/23 10:00,26049,
6/30/23 11:00,26049,
6/30/23 12:00,26049,
6/30/23 13:00,26049,
6/30/23 14:00,26049,
6/30/23 15:00,26049,
6/30/23 16:00,26049,
6/30/23 17:00,26049,
6/30/23 18:00,26049,
6/30/23 19:00,26049,
6/30/23 20:00,26049,
6/30/23 21:00,26049,
6/30/23 22:00,26049,
6/30/23 23:00,26049,
7/1/23 0:00,26049,
6/30/23 1:00,26051,
6/30/23 2:00,26051,
6/30/23 3:00,26051,
6/30/23 4:00,26051,
6/30/23 5:00,26051,
6/30/23 6:00,26051,
6/30/23 7:00,26051,
6/30/23 8:00,26051,
6/30/23 9:00,26051,
6/30/23 10:00,26051,
6/30/23 11:00,26051,
6/30/23 12:00,26051,
6/30/23 13:00,26051,
6/30/23 14:00,26051,
6/30/23 15:00,26051,
6/30/23 16:00,26051,
6/30/23 17:00,26051,
6/30/23 18:00,26051,
6/30/23 19:00,26051,
6/30/23 20:00,26051,
6/30/23 21:00,26051,
6/30/23 22:00,26051,
6/30/23 23:00,26051,
7/1/23 0:00,26051,
6/30/23 1:00,26053,
6/30/23 2:00,26053,
6/30/23 3:00,26053,
6/30/23 4:00,26053,
6/30/23 5:00,26053,
6/30/23 6:00,26053,
6/30/23 7:00,26053,
6/30/23 8:00,26053,
6/30/23 9:00,26053,
6/30/23 10:00,26053,
6/30/23 11:00,26053,
6/30/23 12:00,26053,
6/30/23 13:00,26053,
6/30/23 14:00,26053,
6/30/23 15:00,26053,
6/30/23 16:00,26053,
6/30/23 17:00,26053,
6/30/23 18:00,26053,
6/30/23 19:00,26053,
6/30/23 20:00,26053,
6/30/23 21:00,26053,
6/30/23 22:00,26053,
6/30/23 23:00,26053,
7/1/23 0:00,26053,
6/30/23 1:00,26055,
6/30/23 2:00,26055,
6/30/23 3:00,26055,
6/30/23 4:00,26055,
6/30/23 5:00,26055,
6/30/23 6:00,26055,
6/30/23 7:00,26055,
6/30/23 8:00,26055,
6/30/23 9:00,26055,
6/30/23 10:00,26055,
6/30/23 11:00,26055,
6/30/23 12:00,26055,
6/30/23 13:00,26055,
6/30/23 14:00,26055,
6/30/23 15:00,26055,
6/30/23 16:00,26055,
6/30/23 17:00,26055,
6/30/23 18:00,26055,
6/30/23 19:00,26055,
6/30/23 20:00,26055,
6/30/23 21:00,26055,
6/30/23 22:00,26055,
6/30/23 23:00,26055,
7/1/23 0:00,26055,
6/30/23 1:00,26057,
6/30/23 2:00,26057,
6/30/23 3:00,26057,
6/30/23 4:00,26057,
6/30/23 5:00,26057,
6/30/23 6:00,26057,
6/30/23 7:00,26057,
6/30/23 8:00,26057,
6/30/23 9:00,26057,
6/30/23 10:00,26057,
6/30/23 11:00,26057,
6/30/23 12:00,26057,
6/30/23 13:00,26057,
6/30/23 14:00,26057,
6/30/23 15:00,26057,
6/30/23 16:00,26057,
6/30/23 17:00,26057,
6/30/23 18:00,26057,
6/30/23 19:00,26057,
6/30/23 20:00,26057,
6/30/23 21:00,26057,
6/30/23 22:00,26057,
6/30/23 23:00,26057,
7/1/23 0:00,26057,
6/30/23 1:00,26059,
6/30/23 2:00,26059,
6/30/23 3:00,26059,
6/30/23 4:00,26059,
6/30/23 5:00,26059,
6/30/23 6:00,26059,
6/30/23 7:00,26059,
6/30/23 8:00,26059,
6/30/23 9:00,26059,
6/30/23 10:00,26059,
6/30/23 11:00,26059,
6/30/23 12:00,26059,
6/30/23 13:00,26059,
6/30/23 14:00,26059,
6/30/23 15:00,26059,
6/30/23 16:00,26059,
6/30/23 17:00,26059,
6/30/23 18:00,26059,
6/30/23 19:00,26059,
6/30/23 20:00,26059,
6/30/23 21:00,26059,
6/30/23 22:00,26059,
6/30/23 23:00,26059,
7/1/23 0:00,26059,
6/30/23 1:00,26061,
6/30/23 2:00,26061,
6/30/23 3:00,26061,
6/30/23 4:00,26061,
6/30/23 5:00,26061,
6/30/23 6:00,26061,
6/30/23 7:00,26061,
6/30/23 8:00,26061,
6/30/23 9:00,26061,
6/30/23 10:00,26061,
6/30/23 11:00,26061,
6/30/23 12:00,26061,
6/30/23 13:00,26061,
6/30/23 14:00,26061,
6/30/23 15:00,26061,
6/30/23 16:00,26061,
6/30/23 17:00,26061,
6/30/23 18:00,26061,
6/30/23 19:00,26061,
6/30/23 20:00,26061,
6/30/23 21:00,26061,
6/30/23 22:00,26061,
6/30/23 23:00,26061,
7/1/23 0:00,26061,
6/30/23 1:00,26063,
6/30/23 2:00,26063,
6/30/23 3:00,26063,
6/30/23 4:00,26063,
6/30/23 5:00,26063,
6/30/23 6:00,26063,
6/30/23 7:00,26063,
6/30/23 8:00,26063,
6/30/23 9:00,26063,
6/30/23 10:00,26063,
6/30/23 11:00,26063,
6/30/23 12:00,26063,
6/30/23 13:00,26063,
6/30/23 14:00,26063,
6/30/23 15:00,26063,
6/30/23 16:00,26063,
6/30/23 17:00,26063,
6/30/23 18:00,26063,
6/30/23 19:00,26063,
6/30/23 20:00,26063,
6/30/23 21:00,26063,
6/30/23 22:00,26063,
6/30/23 23:00,26063,
7/1/23 0:00,26063,
6/30/23 1:00,26065,
6/30/23 2:00,26065,
6/30/23 3:00,26065,
6/30/23 4:00,26065,
6/30/23 5:00,26065,
6/30/23 6:00,26065,
6/30/23 7:00,26065,
6/30/23 8:00,26065,
6/30/23 9:00,26065,
6/30/23 10:00,26065,
6/30/23 11:00,26065,
6/30/23 12:00,26065,
6/30/23 13:00,26065,
6/30/23 14:00,26065,
6/30/23 15:00,26065,
6/30/23 16:00,26065,
6/30/23 17:00,26065,
6/30/23 18:00,26065,
6/30/23 19:00,26065,
6/30/23 20:00,26065,
6/30/23 21:00,26065,
6/30/23 22:00,26065,
6/30/23 23:00,26065,
7/1/23 0:00,26065,
6/30/23 1:00,26067,
6/30/23 2:00,26067,
6/30/23 3:00,26067,
6/30/23 4:00,26067,
6/30/23 5:00,26067,
6/30/23 6:00,26067,
6/30/23 7:00,26067,
6/30/23 8:00,26067,
6/30/23 9:00,26067,
6/30/23 10:00,26067,
6/30/23 11:00,26067,
6/30/23 12:00,26067,
6/30/23 13:00,26067,
6/30/23 14:00,26067,
6/30/23 15:00,26067,
6/30/23 16:00,26067,
6/30/23 17:00,26067,
6/30/23 18:00,26067,
6/30/23 19:00,26067,
6/30/23 20:00,26067,
6/30/23 21:00,26067,
6/30/23 22:00,26067,
6/30/23 23:00,26067,
7/1/23 0:00,26067,
6/30/23 1:00,26069,
6/30/23 2:00,26069,
6/30/23 3:00,26069,
6/30/23 4:00,26069,
6/30/23 5:00,26069,
6/30/23 6:00,26069,
6/30/23 7:00,26069,
6/30/23 8:00,26069,
6/30/23 9:00,26069,
6/30/23 10:00,26069,
6/30/23 11:00,26069,
6/30/23 12:00,26069,
6/30/23 13:00,26069,
6/30/23 14:00,26069,
6/30/23 15:00,26069,
6/30/23 16:00,26069,
6/30/23 17:00,26069,
6/30/23 18:00,26069,
6/30/23 19:00,26069,
6/30/23 20:00,26069,
6/30/23 21:00,26069,
6/30/23 22:00,26069,
6/30/23 23:00,26069,
7/1/23 0:00,26069,
6/30/23 1:00,26071,
6/30/23 2:00,26071,
6/30/23 3:00,26071,
6/30/23 4:00,26071,
6/30/23 5:00,26071,
6/30/23 6:00,26071,
6/30/23 7:00,26071,
6/30/23 8:00,26071,
6/30/23 9:00,26071,
6/30/23 10:00,26071,
6/30/23 11:00,26071,
6/30/23 12:00,26071,
6/30/23 13:00,26071,
6/30/23 14:00,26071,
6/30/23 15:00,26071,
6/30/23 16:00,26071,
6/30/23 17:00,26071,
6/30/23 18:00,26071,
6/30/23 19:00,26071,
6/30/23 20:00,26071,
6/30/23 21:00,26071,
6/30/23 22:00,26071,
6/30/23 23:00,26071,
7/1/23 0:00,26071,
6/30/23 1:00,26073,
6/30/23 2:00,26073,
6/30/23 3:00,26073,
6/30/23 4:00,26073,
6/30/23 5:00,26073,
6/30/23 6:00,26073,
6/30/23 7:00,26073,
6/30/23 8:00,26073,
6/30/23 9:00,26073,
6/30/23 10:00,26073,
6/30/23 11:00,26073,
6/30/23 12:00,26073,
6/30/23 13:00,26073,
6/30/23 14:00,26073,
6/30/23 15:00,26073,
6/30/23 16:00,26073,
6/30/23 17:00,26073,
6/30/23 18:00,26073,
6/30/23 19:00,26073,
6/30/23 20:00,26073,
6/30/23 21:00,26073,
6/30/23 22:00,26073,
6/30/23 23:00,26073,
7/1/23 0:00,26073,
6/30/23 1:00,26075,
6/30/23 2:00,26075,
6/30/23 3:00,26075,
6/30/23 4:00,26075,
6/30/23 5:00,26075,
6/30/23 6:00,26075,
6/30/23 7:00,26075,
6/30/23 8:00,26075,
6/30/23 9:00,26075,
6/30/23 10:00,26075,
6/30/23 11:00,26075,
6/30/23 12:00,26075,
6/30/23 13:00,26075,
6/30/23 14:00,26075,
6/30/23 15:00,26075,
6/30/23 16:00,26075,
6/30/23 17:00,26075,
6/30/23 18:00,26075,
6/30/23 19:00,26075,
6/30/23 20:00,26075,
6/30/23 21:00,26075,
6/30/23 22:00,26075,
6/30/23 23:00,26075,
7/1/23 0:00,26075,
6/30/23 1:00,26077,
6/30/23 2:00,26077,
6/30/23 3:00,26077,
6/30/23 4:00,26077,
6/30/23 5:00,26077,
6/30/23 6:00,26077,
6/30/23 7:00,26077,
6/30/23 8:00,26077,
6/30/23 9:00,26077,
6/30/23 10:00,26077,
6/30/23 11:00,26077,
6/30/23 12:00,26077,
6/30/23 13:00,26077,
6/30/23 14:00,26077,
6/30/23 15:00,26077,
6/30/23 16:00,26077,
6/30/23 17:00,26077,
6/30/23 18:00,26077,
6/30/23 19:00,26077,
6/30/23 20:00,26077,
6/30/23 21:00,26077,
6/30/23 22:00,26077,
6/30/23 23:00,26077,
7/1/23 0:00,26077,
6/30/23 1:00,26079,
6/30/23 2:00,26079,
6/30/23 3:00,26079,
6/30/23 4:00,26079,
6/30/23 5:00,26079,
6/30/23 6:00,26079,
6/30/23 7:00,26079,
6/30/23 8:00,26079,
6/30/23 9:00,26079,
6/30/23 10:00,26079,
6/30/23 11:00,26079,
6/30/23 12:00,26079,
6/30/23 13:00,26079,
6/30/23 14:00,26079,
6/30/23 15:00,26079,
6/30/23 16:00,26079,
6/30/23 17:00,26079,
6/30/23 18:00,26079,
6/30/23 19:00,26079,
6/30/23 20:00,26079,
6/30/23 21:00,26079,
6/30/23 22:00,26079,
6/30/23 23:00,26079,
7/1/23 0:00,26079,
6/30/23 1:00,26081,
6/30/23 2:00,26081,
6/30/23 3:00,26081,
6/30/23 4:00,26081,
6/30/23 5:00,26081,
6/30/23 6:00,26081,
6/30/23 7:00,26081,
6/30/23 8:00,26081,
6/30/23 9:00,26081,
6/30/23 10:00,26081,
6/30/23 11:00,26081,
6/30/23 12:00,26081,
6/30/23 13:00,26081,
6/30/23 14:00,26081,
6/30/23 15:00,26081,
6/30/23 16:00,26081,
6/30/23 17:00,26081,
6/30/23 18:00,26081,
6/30/23 19:00,26081,
6/30/23 20:00,26081,
6/30/23 21:00,26081,
6/30/23 22:00,26081,
6/30/23 23:00,26081,
7/1/23 0:00,26081,
6/30/23 1:00,26083,
6/30/23 2:00,26083,
6/30/23 3:00,26083,
6/30/23 4:00,26083,
6/30/23 5:00,26083,
6/30/23 6:00,26083,
6/30/23 7:00,26083,
6/30/23 8:00,26083,
6/30/23 9:00,26083,
6/30/23 10:00,26083,
6/30/23 11:00,26083,
6/30/23 12:00,26083,
6/30/23 13:00,26083,
6/30/23 14:00,26083,
6/30/23 15:00,26083,
6/30/23 16:00,26083,
6/30/23 17:00,26083,
6/30/23 18:00,26083,
6/30/23 19:00,26083,
6/30/23 20:00,26083,
6/30/23 21:00,26083,
6/30/23 22:00,26083,
6/30/23 23:00,26083,
7/1/23 0:00,26083,
6/30/23 1:00,26085,
6/30/23 2:00,26085,
6/30/23 3:00,26085,
6/30/23 4:00,26085,
6/30/23 5:00,26085,
6/30/23 6:00,26085,
6/30/23 7:00,26085,
6/30/23 8:00,26085,
6/30/23 9:00,26085,
6/30/23 10:00,26085,
6/30/23 11:00,26085,
6/30/23 12:00,26085,
6/30/23 13:00,26085,
6/30/23 14:00,26085,
6/30/23 15:00,26085,
6/30/23 16:00,26085,
6/30/23 17:00,26085,
6/30/23 18:00,26085,
6/30/23 19:00,26085,
6/30/23 20:00,26085,
6/30/23 21:00,26085,
6/30/23 22:00,26085,
6/30/23 23:00,26085,
7/1/23 0:00,26085,
6/30/23 1:00,26087,
6/30/23 2:00,26087,
6/30/23 3:00,26087,
6/30/23 4:00,26087,
6/30/23 5:00,26087,
6/30/23 6:00,26087,
6/30/23 7:00,26087,
6/30/23 8:00,26087,
6/30/23 9:00,26087,
6/30/23 10:00,26087,
6/30/23 11:00,26087,
6/30/23 12:00,26087,
6/30/23 13:00,26087,
6/30/23 14:00,26087,
6/30/23 15:00,26087,
6/30/23 16:00,26087,
6/30/23 17:00,26087,
6/30/23 18:00,26087,
6/30/23 19:00,26087,
6/30/23 20:00,26087,
6/30/23 21:00,26087,
6/30/23 22:00,26087,
6/30/23 23:00,26087,
7/1/23 0:00,26087,
6/30/23 1:00,26089,
6/30/23 2:00,26089,
6/30/23 3:00,26089,
6/30/23 4:00,26089,
6/30/23 5:00,26089,
6/30/23 6:00,26089,
6/30/23 7:00,26089,
6/30/23 8:00,26089,
6/30/23 9:00,26089,
6/30/23 10:00,26089,
6/30/23 11:00,26089,
6/30/23 12:00,26089,
6/30/23 13:00,26089,
6/30/23 14:00,26089,
6/30/23 15:00,26089,
6/30/23 16:00,26089,
6/30/23 17:00,26089,
6/30/23 18:00,26089,
6/30/23 19:00,26089,
6/30/23 20:00,26089,
6/30/23 21:00,26089,
6/30/23 22:00,26089,
6/30/23 23:00,26089,
7/1/23 0:00,26089,
6/30/23 1:00,26091,
6/30/23 2:00,26091,
6/30/23 3:00,26091,
6/30/23 4:00,26091,
6/30/23 5:00,26091,
6/30/23 6:00,26091,
6/30/23 7:00,26091,
6/30/23 8:00,26091,
6/30/23 9:00,26091,
6/30/23 10:00,26091,
6/30/23 11:00,26091,
6/30/23 12:00,26091,
6/30/23 13:00,26091,
6/30/23 14:00,26091,
6/30/23 15:00,26091,
6/30/23 16:00,26091,
6/30/23 17:00,26091,
6/30/23 18:00,26091,
6/30/23 19:00,26091,
6/30/23 20:00,26091,
6/30/23 21:00,26091,
6/30/23 22:00,26091,
6/30/23 23:00,26091,
7/1/23 0:00,26091,
6/30/23 1:00,26093,
6/30/23 2:00,26093,
6/30/23 3:00,26093,
6/30/23 4:00,26093,
6/30/23 5:00,26093,
6/30/23 6:00,26093,
6/30/23 7:00,26093,
6/30/23 8:00,26093,
6/30/23 9:00,26093,
6/30/23 10:00,26093,
6/30/23 11:00,26093,
6/30/23 12:00,26093,
6/30/23 13:00,26093,
6/30/23 14:00,26093,
6/30/23 15:00,26093,
6/30/23 16:00,26093,
6/30/23 17:00,26093,
6/30/23 18:00,26093,
6/30/23 19:00,26093,
6/30/23 20:00,26093,
6/30/23 21:00,26093,
6/30/23 22:00,26093,
6/30/23 23:00,26093,
7/1/23 0:00,26093,
6/30/23 1:00,26095,
6/30/23 2:00,26095,
6/30/23 3:00,26095,
6/30/23 4:00,26095,
6/30/23 5:00,26095,
6/30/23 6:00,26095,
6/30/23 7:00,26095,
6/30/23 8:00,26095,
6/30/23 9:00,26095,
6/30/23 10:00,26095,
6/30/23 11:00,26095,
6/30/23 12:00,26095,
6/30/23 13:00,26095,
6/30/23 14:00,26095,
6/30/23 15:00,26095,
6/30/23 16:00,26095,
6/30/23 17:00,26095,
6/30/23 18:00,26095,
6/30/23 19:00,26095,
6/30/23 20:00,26095,
6/30/23 21:00,26095,
6/30/23 22:00,26095,
6/30/23 23:00,26095,
7/1/23 0:00,26095,
6/30/23 1:00,26097,
6/30/23 2:00,26097,
6/30/23 3:00,26097,
6/30/23 4:00,26097,
6/30/23 5:00,26097,
6/30/23 6:00,26097,
6/30/23 7:00,26097,
6/30/23 8:00,26097,
6/30/23 9:00,26097,
6/30/23 10:00,26097,
6/30/23 11:00,26097,
6/30/23 12:00,26097,
6/30/23 13:00,26097,
6/30/23 14:00,26097,
6/30/23 15:00,26097,
6/30/23 16:00,26097,
6/30/23 17:00,26097,
6/30/23 18:00,26097,
6/30/23 19:00,26097,
6/30/23 20:00,26097,
6/30/23 21:00,26097,
6/30/23 22:00,26097,
6/30/23 23:00,26097,
7/1/23 0:00,26097,
6/30/23 1:00,26099,
6/30/23 2:00,26099,
6/30/23 3:00,26099,
6/30/23 4:00,26099,
6/30/23 5:00,26099,
6/30/23 6:00,26099,
6/30/23 7:00,26099,
6/30/23 8:00,26099,
6/30/23 9:00,26099,
6/30/23 10:00,26099,
6/30/23 11:00,26099,
6/30/23 12:00,26099,
6/30/23 13:00,26099,
6/30/23 14:00,26099,
6/30/23 15:00,26099,
6/30/23 16:00,26099,
6/30/23 17:00,26099,
6/30/23 18:00,26099,
6/30/23 19:00,26099,
6/30/23 20:00,26099,
6/30/23 21:00,26099,
6/30/23 22:00,26099,
6/30/23 23:00,26099,
7/1/23 0:00,26099,
6/30/23 1:00,26101,
6/30/23 2:00,26101,
6/30/23 3:00,26101,
6/30/23 4:00,26101,
6/30/23 5:00,26101,
6/30/23 6:00,26101,
6/30/23 7:00,26101,
6/30/23 8:00,26101,
6/30/23 9:00,26101,
6/30/23 10:00,26101,
6/30/23 11:00,26101,
6/30/23 12:00,26101,
6/30/23 13:00,26101,
6/30/23 14:00,26101,
6/30/23 15:00,26101,
6/30/23 16:00,26101,
6/30/23 17:00,26101,
6/30/23 18:00,26101,
6/30/23 19:00,26101,
6/30/23 20:00,26101,
6/30/23 21:00,26101,
6/30/23 22:00,26101,
6/30/23 23:00,26101,
7/1/23 0:00,26101,
6/30/23 1:00,26103,
6/30/23 2:00,26103,
6/30/23 3:00,26103,
6/30/23 4:00,26103,
6/30/23 5:00,26103,
6/30/23 6:00,26103,
6/30/23 7:00,26103,
6/30/23 8:00,26103,
6/30/23 9:00,26103,
6/30/23 10:00,26103,
6/30/23 11:00,26103,
6/30/23 12:00,26103,
6/30/23 13:00,26103,
6/30/23 14:00,26103,
6/30/23 15:00,26103,
6/30/23 16:00,26103,
6/30/23 17:00,26103,
6/30/23 18:00,26103,
6/30/23 19:00,26103,
6/30/23 20:00,26103,
6/30/23 21:00,26103,
6/30/23 22:00,26103,
6/30/23 23:00,26103,
7/1/23 0:00,26103,
6/30/23 1:00,26105,
6/30/23 2:00,26105,
6/30/23 3:00,26105,
6/30/23 4:00,26105,
6/30/23 5:00,26105,
6/30/23 6:00,26105,
6/30/23 7:00,26105,
6/30/23 8:00,26105,
6/30/23 9:00,26105,
6/30/23 10:00,26105,
6/30/23 11:00,26105,
6/30/23 12:00,26105,
6/30/23 13:00,26105,
6/30/23 14:00,26105,
6/30/23 15:00,26105,
6/30/23 16:00,26105,
6/30/23 17:00,26105,
6/30/23 18:00,26105,
6/30/23 19:00,26105,
6/30/23 20:00,26105,
6/30/23 21:00,26105,
6/30/23 22:00,26105,
6/30/23 23:00,26105,
7/1/23 0:00,26105,
6/30/23 1:00,26107,
6/30/23 2:00,26107,
6/30/23 3:00,26107,
6/30/23 4:00,26107,
6/30/23 5:00,26107,
6/30/23 6:00,26107,
6/30/23 7:00,26107,
6/30/23 8:00,26107,
6/30/23 9:00,26107,
6/30/23 10:00,26107,
6/30/23 11:00,26107,
6/30/23 12:00,26107,
6/30/23 13:00,26107,
6/30/23 14:00,26107,
6/30/23 15:00,26107,
6/30/23 16:00,26107,
6/30/23 17:00,26107,
6/30/23 18:00,26107,
6/30/23 19:00,26107,
6/30/23 20:00,26107,
6/30/23 21:00,26107,
6/30/23 22:00,26107,
6/30/23 23:00,26107,
7/1/23 0:00,26107,
6/30/23 1:00,26109,
6/30/23 2:00,26109,
6/30/23 3:00,26109,
6/30/23 4:00,26109,
6/30/23 5:00,26109,
6/30/23 6:00,26109,
6/30/23 7:00,26109,
6/30/23 8:00,26109,
6/30/23 9:00,26109,
6/30/23 10:00,26109,
6/30/23 11:00,26109,
6/30/23 12:00,26109,
6/30/23 13:00,26109,
6/30/23 14:00,26109,
6/30/23 15:00,26109,
6/30/23 16:00,26109,
6/30/23 17:00,26109,
6/30/23 18:00,26109,
6/30/23 19:00,26109,
6/30/23 20:00,26109,
6/30/23 21:00,26109,
6/30/23 22:00,26109,
6/30/23 23:00,26109,
7/1/23 0:00,26109,
6/30/23 1:00,26111,
6/30/23 2:00,26111,
6/30/23 3:00,26111,
6/30/23 4:00,26111,
6/30/23 5:00,26111,
6/30/23 6:00,26111,
6/30/23 7:00,26111,
6/30/23 8:00,26111,
6/30/23 9:00,26111,
6/30/23 10:00,26111,
6/30/23 11:00,26111,
6/30/23 12:00,26111,
6/30/23 13:00,26111,
6/30/23 14:00,26111,
6/30/23 15:00,26111,
6/30/23 16:00,26111,
6/30/23 17:00,26111,
6/30/23 18:00,26111,
6/30/23 19:00,26111,
6/30/23 20:00,26111,
6/30/23 21:00,26111,
6/30/23 22:00,26111,
6/30/23 23:00,26111,
7/1/23 0:00,26111,
6/30/23 1:00,26113,
6/30/23 2:00,26113,
6/30/23 3:00,26113,
6/30/23 4:00,26113,
6/30/23 5:00,26113,
6/30/23 6:00,26113,
6/30/23 7:00,26113,
6/30/23 8:00,26113,
6/30/23 9:00,26113,
6/30/23 10:00,26113,
6/30/23 11:00,26113,
6/30/23 12:00,26113,
6/30/23 13:00,26113,
6/30/23 14:00,26113,
6/30/23 15:00,26113,
6/30/23 16:00,26113,
6/30/23 17:00,26113,
6/30/23 18:00,26113,
6/30/23 19:00,26113,
6/30/23 20:00,26113,
6/30/23 21:00,26113,
6/30/23 22:00,26113,
6/30/23 23:00,26113,
7/1/23 0:00,26113,
6/30/23 1:00,26115,
6/30/23 2:00,26115,
6/30/23 3:00,26115,
6/30/23 4:00,26115,
6/30/23 5:00,26115,
6/30/23 6:00,26115,
6/30/23 7:00,26115,
6/30/23 8:00,26115,
6/30/23 9:00,26115,
6/30/23 10:00,26115,
6/30/23 11:00,26115,
6/30/23 12:00,26115,
6/30/23 13:00,26115,
6/30/23 14:00,26115,
6/30/23 15:00,26115,
6/30/23 16:00,26115,
6/30/23 17:00,26115,
6/30/23 18:00,26115,
6/30/23 19:00,26115,
6/30/23 20:00,26115,
6/30/23 21:00,26115,
6/30/23 22:00,26115,
6/30/23 23:00,26115,
7/1/23 0:00,26115,
6/30/23 1:00,26117,
6/30/23 2:00,26117,
6/30/23 3:00,26117,
6/30/23 4:00,26117,
6/30/23 5:00,26117,
6/30/23 6:00,26117,
6/30/23 7:00,26117,
6/30/23 8:00,26117,
6/30/23 9:00,26117,
6/30/23 10:00,26117,
6/30/23 11:00,26117,
6/30/23 12:00,26117,
6/30/23 13:00,26117,
6/30/23 14:00,26117,
6/30/23 15:00,26117,
6/30/23 16:00,26117,
6/30/23 17:00,26117,
6/30/23 18:00,26117,
6/30/23 19:00,26117,
6/30/23 20:00,26117,
6/30/23 21:00,26117,
6/30/23 22:00,26117,
6/30/23 23:00,26117,
7/1/23 0:00,26117,
6/30/23 1:00,26119,
6/30/23 2:00,26119,
6/30/23 3:00,26119,
6/30/23 4:00,26119,
6/30/23 5:00,26119,
6/30/23 6:00,26119,
6/30/23 7:00,26119,
6/30/23 8:00,26119,
6/30/23 9:00,26119,
6/30/23 10:00,26119,
6/30/23 11:00,26119,
6/30/23 12:00,26119,
6/30/23 13:00,26119,
6/30/23 14:00,26119,
6/30/23 15:00,26119,
6/30/23 16:00,26119,
6/30/23 17:00,26119,
6/30/23 18:00,26119,
6/30/23 19:00,26119,
6/30/23 20:00,26119,
6/30/23 21:00,26119,
6/30/23 22:00,26119,
6/30/23 23:00,26119,
7/1/23 0:00,26119,
6/30/23 1:00,26121,
6/30/23 2:00,26121,
6/30/23 3:00,26121,
6/30/23 4:00,26121,
6/30/23 5:00,26121,
6/30/23 6:00,26121,
6/30/23 7:00,26121,
6/30/23 8:00,26121,
6/30/23 9:00,26121,
6/30/23 10:00,26121,
6/30/23 11:00,26121,
6/30/23 12:00,26121,
6/30/23 13:00,26121,
6/30/23 14:00,26121,
6/30/23 15:00,26121,
6/30/23 16:00,26121,
6/30/23 17:00,26121,
6/30/23 18:00,26121,
6/30/23 19:00,26121,
6/30/23 20:00,26121,
6/30/23 21:00,26121,
6/30/23 22:00,26121,
6/30/23 23:00,26121,
7/1/23 0:00,26121,
6/30/23 1:00,26123,
6/30/23 2:00,26123,
6/30/23 3:00,26123,
6/30/23 4:00,26123,
6/30/23 5:00,26123,
6/30/23 6:00,26123,
6/30/23 7:00,26123,
6/30/23 8:00,26123,
6/30/23 9:00,26123,
6/30/23 10:00,26123,
6/30/23 11:00,26123,
6/30/23 12:00,26123,
6/30/23 13:00,26123,
6/30/23 14:00,26123,
6/30/23 15:00,26123,
6/30/23 16:00,26123,
6/30/23 17:00,26123,
6/30/23 18:00,26123,
6/30/23 19:00,26123,
6/30/23 20:00,26123,
6/30/23 21:00,26123,
6/30/23 22:00,26123,
6/30/23 23:00,26123,
7/1/23 0:00,26123,
6/30/23 1:00,26125,
6/30/23 2:00,26125,
6/30/23 3:00,26125,
6/30/23 4:00,26125,
6/30/23 5:00,26125,
6/30/23 6:00,26125,
6/30/23 7:00,26125,
6/30/23 8:00,26125,
6/30/23 9:00,26125,
6/30/23 10:00,26125,
6/30/23 11:00,26125,
6/30/23 12:00,26125,
6/30/23 13:00,26125,
6/30/23 14:00,26125,
6/30/23 15:00,26125,
6/30/23 16:00,26125,
6/30/23 17:00,26125,
6/30/23 18:00,26125,
6/30/23 19:00,26125,
6/30/23 20:00,26125,
6/30/23 21:00,26125,
6/30/23 22:00,26125,
6/30/23 23:00,26125,
7/1/23 0:00,26125,
6/30/23 1:00,26127,
6/30/23 2:00,26127,
6/30/23 3:00,26127,
6/30/23 4:00,26127,
6/30/23 5:00,26127,
6/30/23 6:00,26127,
6/30/23 7:00,26127,
6/30/23 8:00,26127,
6/30/23 9:00,26127,
6/30/23 10:00,26127,
6/30/23 11:00,26127,
6/30/23 12:00,26127,
6/30/23 13:00,26127,
6/30/23 14:00,26127,
6/30/23 15:00,26127,
6/30/23 16:00,26127,
6/30/23 17:00,26127,
6/30/23 18:00,26127,
6/30/23 19:00,26127,
6/30/23 20:00,26127,
6/30/23 21:00,26127,
6/30/23 22:00,26127,
6/30/23 23:00,26127,
7/1/23 0:00,26127,
6/30/23 1:00,26129,
6/30/23 2:00,26129,
6/30/23 3:00,26129,
6/30/23 4:00,26129,
6/30/23 5:00,26129,
6/30/23 6:00,26129,
6/30/23 7:00,26129,
6/30/23 8:00,26129,
6/30/23 9:00,26129,
6/30/23 10:00,26129,
6/30/23 11:00,26129,
6/30/23 12:00,26129,
6/30/23 13:00,26129,
6/30/23 14:00,26129,
6/30/23 15:00,26129,
6/30/23 16:00,26129,
6/30/23 17:00,26129,
6/30/23 18:00,26129,
6/30/23 19:00,26129,
6/30/23 20:00,26129,
6/30/23 21:00,26129,
6/30/23 22:00,26129,
6/30/23 23:00,26129,
7/1/23 0:00,26129,
6/30/23 1:00,26131,
6/30/23 2:00,26131,
6/30/23 3:00,26131,
6/30/23 4:00,26131,
6/30/23 5:00,26131,
6/30/23 6:00,26131,
6/30/23 7:00,26131,
6/30/23 8:00,26131,
6/30/23 9:00,26131,
6/30/23 10:00,26131,
6/30/23 11:00,26131,
6/30/23 12:00,26131,
6/30/23 13:00,26131,
6/30/23 14:00,26131,
6/30/23 15:00,26131,
6/30/23 16:00,26131,
6/30/23 17:00,26131,
6/30/23 18:00,26131,
6/30/23 19:00,26131,
6/30/23 20:00,26131,
6/30/23 21:00,26131,
6/30/23 22:00,26131,
6/30/23 23:00,26131,
7/1/23 0:00,26131,
6/30/23 1:00,26133,
6/30/23 2:00,26133,
6/30/23 3:00,26133,
6/30/23 4:00,26133,
6/30/23 5:00,26133,
6/30/23 6:00,26133,
6/30/23 7:00,26133,
6/30/23 8:00,26133,
6/30/23 9:00,26133,
6/30/23 10:00,26133,
6/30/23 11:00,26133,
6/30/23 12:00,26133,
6/30/23 13:00,26133,
6/30/23 14:00,26133,
6/30/23 15:00,26133,
6/30/23 16:00,26133,
6/30/23 17:00,26133,
6/30/23 18:00,26133,
6/30/23 19:00,26133,
6/30/23 20:00,26133,
6/30/23 21:00,26133,
6/30/23 22:00,26133,
6/30/23 23:00,26133,
7/1/23 0:00,26133,
6/30/23 1:00,26135,
6/30/23 2:00,26135,
6/30/23 3:00,26135,
6/30/23 4:00,26135,
6/30/23 5:00,26135,
6/30/23 6:00,26135,
6/30/23 7:00,26135,
6/30/23 8:00,26135,
6/30/23 9:00,26135,
6/30/23 10:00,26135,
6/30/23 11:00,26135,
6/30/23 12:00,26135,
6/30/23 13:00,26135,
6/30/23 14:00,26135,
6/30/23 15:00,26135,
6/30/23 16:00,26135,
6/30/23 17:00,26135,
6/30/23 18:00,26135,
6/30/23 19:00,26135,
6/30/23 20:00,26135,
6/30/23 21:00,26135,
6/30/23 22:00,26135,
6/30/23 23:00,26135,
7/1/23 0:00,26135,
6/30/23 1:00,26137,
6/30/23 2:00,26137,
6/30/23 3:00,26137,
6/30/23 4:00,26137,
6/30/23 5:00,26137,
6/30/23 6:00,26137,
6/30/23 7:00,26137,
6/30/23 8:00,26137,
6/30/23 9:00,26137,
6/30/23 10:00,26137,
6/30/23 11:00,26137,
6/30/23 12:00,26137,
6/30/23 13:00,26137,
6/30/23 14:00,26137,
6/30/23 15:00,26137,
6/30/23 16:00,26137,
6/30/23 17:00,26137,
6/30/23 18:00,26137,
6/30/23 19:00,26137,
6/30/23 20:00,26137,
6/30/23 21:00,26137,
6/30/23 22:00,26137,
6/30/23 23:00,26137,
7/1/23 0:00,26137,
6/30/23 1:00,26139,
6/30/23 2:00,26139,
6/30/23 3:00,26139,
6/30/23 4:00,26139,
6/30/23 5:00,26139,
6/30/23 6:00,26139,
6/30/23 7:00,26139,
6/30/23 8:00,26139,
6/30/23 9:00,26139,
6/30/23 10:00,26139,
6/30/23 11:00,26139,
6/30/23 12:00,26139,
6/30/23 13:00,26139,
6/30/23 14:00,26139,
6/30/23 15:00,26139,
6/30/23 16:00,26139,
6/30/23 17:00,26139,
6/30/23 18:00,26139,
6/30/23 19:00,26139,
6/30/23 20:00,26139,
6/30/23 21:00,26139,
6/30/23 22:00,26139,
6/30/23 23:00,26139,
7/1/23 0:00,26139,
6/30/23 1:00,26141,
6/30/23 2:00,26141,
6/30/23 3:00,26141,
6/30/23 4:00,26141,
6/30/23 5:00,26141,
6/30/23 6:00,26141,
6/30/23 7:00,26141,
6/30/23 8:00,26141,
6/30/23 9:00,26141,
6/30/23 10:00,26141,
6/30/23 11:00,26141,
6/30/23 12:00,26141,
6/30/23 13:00,26141,
6/30/23 14:00,26141,
6/30/23 15:00,26141,
6/30/23 16:00,26141,
6/30/23 17:00,26141,
6/30/23 18:00,26141,
6/30/23 19:00,26141,
6/30/23 20:00,26141,
6/30/23 21:00,26141,
6/30/23 22:00,26141,
6/30/23 23:00,26141,
7/1/23 0:00,26141,
6/30/23 1:00,26143,
6/30/23 2:00,26143,
6/30/23 3:00,26143,
6/30/23 4:00,26143,
6/30/23 5:00,26143,
6/30/23 6:00,26143,
6/30/23 7:00,26143,
6/30/23 8:00,26143,
6/30/23 9:00,26143,
6/30/23 10:00,26143,
6/30/23 11:00,26143,
6/30/23 12:00,26143,
6/30/23 13:00,26143,
6/30/23 14:00,26143,
6/30/23 15:00,26143,
6/30/23 16:00,26143,
6/30/23 17:00,26143,
6/30/23 18:00,26143,
6/30/23 19:00,26143,
6/30/23 20:00,26143,
6/30/23 21:00,26143,
6/30/23 22:00,26143,
6/30/23 23:00,26143,
7/1/23 0:00,26143,
6/30/23 1:00,26145,
6/30/23 2:00,26145,
6/30/23 3:00,26145,
6/30/23 4:00,26145,
6/30/23 5:00,26145,
6/30/23 6:00,26145,
6/30/23 7:00,26145,
6/30/23 8:00,26145,
6/30/23 9:00,26145,
6/30/23 10:00,26145,
6/30/23 11:00,26145,
6/30/23 12:00,26145,
6/30/23 13:00,26145,
6/30/23 14:00,26145,
6/30/23 15:00,26145,
6/30/23 16:00,26145,
6/30/23 17:00,26145,
6/30/23 18:00,26145,
6/30/23 19:00,26145,
6/30/23 20:00,26145,
6/30/23 21:00,26145,
6/30/23 22:00,26145,
6/30/23 23:00,26145,
7/1/23 0:00,26145,
6/30/23 1:00,26147,
6/30/23 2:00,26147,
6/30/23 3:00,26147,
6/30/23 4:00,26147,
6/30/23 5:00,26147,
6/30/23 6:00,26147,
6/30/23 7:00,26147,
6/30/23 8:00,26147,
6/30/23 9:00,26147,
6/30/23 10:00,26147,
6/30/23 11:00,26147,
6/30/23 12:00,26147,
6/30/23 13:00,26147,
6/30/23 14:00,26147,
6/30/23 15:00,26147,
6/30/23 16:00,26147,
6/30/23 17:00,26147,
6/30/23 18:00,26147,
6/30/23 19:00,26147,
6/30/23 20:00,26147,
6/30/23 21:00,26147,
6/30/23 22:00,26147,
6/30/23 23:00,26147,
7/1/23 0:00,26147,
6/30/23 1:00,26149,
6/30/23 2:00,26149,
6/30/23 3:00,26149,
6/30/23 4:00,26149,
6/30/23 5:00,26149,
6/30/23 6:00,26149,
6/30/23 7:00,26149,
6/30/23 8:00,26149,
6/30/23 9:00,26149,
6/30/23 10:00,26149,
6/30/23 11:00,26149,
6/30/23 12:00,26149,
6/30/23 13:00,26149,
6/30/23 14:00,26149,
6/30/23 15:00,26149,
6/30/23 16:00,26149,
6/30/23 17:00,26149,
6/30/23 18:00,26149,
6/30/23 19:00,26149,
6/30/23 20:00,26149,
6/30/23 21:00,26149,
6/30/23 22:00,26149,
6/30/23 23:00,26149,
7/1/23 0:00,26149,
6/30/23 1:00,26151,
6/30/23 2:00,26151,
6/30/23 3:00,26151,
6/30/23 4:00,26151,
6/30/23 5:00,26151,
6/30/23 6:00,26151,
6/30/23 7:00,26151,
6/30/23 8:00,26151,
6/30/23 9:00,26151,
6/30/23 10:00,26151,
6/30/23 11:00,26151,
6/30/23 12:00,26151,
6/30/23 13:00,26151,
6/30/23 14:00,26151,
6/30/23 15:00,26151,
6/30/23 16:00,26151,
6/30/23 17:00,26151,
6/30/23 18:00,26151,
6/30/23 19:00,26151,
6/30/23 20:00,26151,
6/30/23 21:00,26151,
6/30/23 22:00,26151,
6/30/23 23:00,26151,
7/1/23 0:00,26151,
6/30/23 1:00,26153,
6/30/23 2:00,26153,
6/30/23 3:00,26153,
6/30/23 4:00,26153,
6/30/23 5:00,26153,
6/30/23 6:00,26153,
6/30/23 7:00,26153,
6/30/23 8:00,26153,
6/30/23 9:00,26153,
6/30/23 10:00,26153,
6/30/23 11:00,26153,
6/30/23 12:00,26153,
6/30/23 13:00,26153,
6/30/23 14:00,26153,
6/30/23 15:00,26153,
6/30/23 16:00,26153,
6/30/23 17:00,26153,
6/30/23 18:00,26153,
6/30/23 19:00,26153,
6/30/23 20:00,26153,
6/30/23 21:00,26153,
6/30/23 22:00,26153,
6/30/23 23:00,26153,
7/1/23 0:00,26153,
6/30/23 1:00,26155,
6/30/23 2:00,26155,
6/30/23 3:00,26155,
6/30/23 4:00,26155,
6/30/23 5:00,26155,
6/30/23 6:00,26155,
6/30/23 7:00,26155,
6/30/23 8:00,26155,
6/30/23 9:00,26155,
6/30/23 10:00,26155,
6/30/23 11:00,26155,
6/30/23 12:00,26155,
6/30/23 13:00,26155,
6/30/23 14:00,26155,
6/30/23 15:00,26155,
6/30/23 16:00,26155,
6/30/23 17:00,26155,
6/30/23 18:00,26155,
6/30/23 19:00,26155,
6/30/23 20:00,26155,
6/30/23 21:00,26155,
6/30/23 22:00,26155,
6/30/23 23:00,26155,
7/1/23 0:00,26155,
6/30/23 1:00,26157,
6/30/23 2:00,26157,
6/30/23 3:00,26157,
6/30/23 4:00,26157,
6/30/23 5:00,26157,
6/30/23 6:00,26157,
6/30/23 7:00,26157,
6/30/23 8:00,26157,
6/30/23 9:00,26157,
6/30/23 10:00,26157,
6/30/23 11:00,26157,
6/30/23 12:00,26157,
6/30/23 13:00,26157,
6/30/23 14:00,26157,
6/30/23 15:00,26157,
6/30/23 16:00,26157,
6/30/23 17:00,26157,
6/30/23 18:00,26157,
6/30/23 19:00,26157,
6/30/23 20:00,26157,
6/30/23 21:00,26157,
6/30/23 22:00,26157,
6/30/23 23:00,26157,
7/1/23 0:00,26157,
6/30/23 1:00,26159,
6/30/23 2:00,26159,
6/30/23 3:00,26159,
6/30/23 4:00,26159,
6/30/23 5:00,26159,
6/30/23 6:00,26159,
6/30/23 7:00,26159,
6/30/23 8:00,26159,
6/30/23 9:00,26159,
6/30/23 10:00,26159,
6/30/23 11:00,26159,
6/30/23 12:00,26159,
6/30/23 13:00,26159,
6/30/23 14:00,26159,
6/30/23 15:00,26159,
6/30/23 16:00,26159,
6/30/23 17:00,26159,
6/30/23 18:00,26159,
6/30/23 19:00,26159,
6/30/23 20:00,26159,
6/30/23 21:00,26159,
6/30/23 22:00,26159,
6/30/23 23:00,26159,
7/1/23 0:00,26159,
6/30/23 1:00,26161,
6/30/23 2:00,26161,
6/30/23 3:00,26161,
6/30/23 4:00,26161,
6/30/23 5:00,26161,
6/30/23 6:00,26161,
6/30/23 7:00,26161,
6/30/23 8:00,26161,
6/30/23 9:00,26161,
6/30/23 10:00,26161,
6/30/23 11:00,26161,
6/30/23 12:00,26161,
6/30/23 13:00,26161,
6/30/23 14:00,26161,
6/30/23 15:00,26161,
6/30/23 16:00,26161,
6/30/23 17:00,26161,
6/30/23 18:00,26161,
6/30/23 19:00,26161,
6/30/23 20:00,26161,
6/30/23 21:00,26161,
6/30/23 22:00,26161,
6/30/23 23:00,26161,
7/1/23 0:00,26161,
6/30/23 1:00,26163,
6/30/23 2:00,26163,
6/30/23 3:00,26163,
6/30/23 4:00,26163,
6/30/23 5:00,26163,
6/30/23 6:00,26163,
6/30/23 7:00,26163,
6/30/23 8:00,26163,
6/30/23 9:00,26163,
6/30/23 10:00,26163,
6/30/23 11:00,26163,
6/30/23 12:00,26163,
6/30/23 13:00,26163,
6/30/23 14:00,26163,
6/30/23 15:00,26163,
6/30/23 16:00,26163,
6/30/23 17:00,26163,
6/30/23 18:00,26163,
6/30/23 19:00,26163,
6/30/23 20:00,26163,
6/30/23 21:00,26163,
6/30/23 22:00,26163,
6/30/23 23:00,26163,
7/1/23 0:00,26163,
6/30/23 1:00,26165,
6/30/23 2:00,26165,
6/30/23 3:00,26165,
6/30/23 4:00,26165,
6/30/23 5:00,26165,
6/30/23 6:00,26165,
6/30/23 7:00,26165,
6/30/23 8:00,26165,
6/30/23 9:00,26165,
6/30/23 10:00,26165,
6/30/23 11:00,26165,
6/30/23 12:00,26165,
6/30/23 13:00,26165,
6/30/23 14:00,26165,
6/30/23 15:00,26165,
6/30/23 16:00,26165,
6/30/23 17:00,26165,
6/30/23 18:00,26165,
6/30/23 19:00,26165,
6/30/23 20:00,26165,
6/30/23 21:00,26165,
6/30/23 22:00,26165,
6/30/23 23:00,26165,
7/1/23 0:00,26165,